"POS_RK",POS_TIERS,"PLAYER NAME",TEAM,"FAN PTS","REC_TGT","REC","REC_YDS","REC_TDS","RUSH_ATT","RUSH_YDS","RUSH_TDS"
"1",1,"Tyreek Hill",KC,"241.9","135","87","1276","15","13","123","2"
"2",1,"Davante Adams",GB,"243.4","149","115","1374","18","0","0","0"
"3",1,"Stefon Diggs",BUF,"201.6","166","127","1535","8","1","1","0"
"4",2,"Calvin Ridley",ATL,"191.5","143","90","1374","9","5","1","0"
"5",2,"DeAndre Hopkins",ARI,"172.8","160","115","1407","6","1","1","0"
"6",2,"D.K. Metcalf",SEA,"188.3","129","83","1303","10","0","0","0"
"7",2,"A.J. Brown",TEN,"177.5","106","70","1075","11","0","0","0"
"8",2,"Justin Jefferson",MIN,"186.2","125","88","1400","7","1","2","0"
"9",3,"Terry McLaurin",WAS,"136.8","134","87","1118","4","2","30","0"
"10",3,"Allen Robinson II",CHI,"160.9","151","102","1250","6","1","-1","0"
"11",3,"Mike Evans",TB,"178.6","109","70","1006","13","0","0","0"
"12",3,"Keenan Allen",LAC,"145.1","147","100","992","8","1","-1","0"
"13",3,"CeeDee Lamb",DAL,"143.7","111","74","935","5","10","82","1"
"14",3,"Chris Godwin",TB,"126","84","65","840","7","0","0","0"
"15",3,"Julio Jones",TEN,"95.1","68","51","771","3","0","0","0"
"16",3,"Amari Cooper",DAL,"144.8","130","92","1114","5","6","14","0"
"17",3,"Robert Woods",LAR,"155.1","129","90","936","6","24","155","2"
"18",3,"D.J. Moore",CAR,"145.5","118","66","1193","4","2","22","0"
"19",4,"Adam Thielen",MIN,"180","108","74","925","14","3","15","0"
"20",4,"Kenny Golladay",NYG,"45.8","32","20","338","2","0","0","0"
"21",4,"Cooper Kupp",LAR,"116.7","124","92","974","3","4","33","0"
"22",4,"Tyler Lockett",SEA,"165.4","132","100","1054","10","0","0","0"
"23",4,"Brandon Aiyuk",SF,"124.5","96","60","748","5","6","77","2"
"24",4,"Tee Higgins",CIN,"127.6","108","67","908","6","5","28","0"
"25",4,"Odell Beckham Jr.",CLE,"63.82","43","23","319","3","3","72","1"
"26",4,"Diontae Johnson",PIT,"133.8","144","88","923","7","3","15","0"
"27",4,"Courtland Sutton",DEN,"6.6","6","3","66","0","0","0","0"
"28",5,"Chase Claypool",PIT,"152.9","109","62","873","9","10","16","2"
"29",5,"Ja'Marr Chase",CIN,"0","0","0","0","0","0","0","0"
"30",5,"D.J. Chark Jr.",JAC,"100.6","93","53","706","5","0","0","0"
"31",5,"Jerry Jeudy",DEN,"105.6","113","52","856","3","0","0","0"
"32",5,"Robby Anderson",CAR,"129.2","136","95","1096","3","4","15","0"
"33",5,"Deebo Samuel",SF,"47.7","44","33","391","1","8","26","0"
"34",5,"JuJu Smith-Schuster",PIT,"137.1","128","97","831","9","0","0","0"
"35",5,"Brandin Cooks",HOU,"151","119","81","1150","6","0","0","0"
"36",5,"Will Fuller V",MIA,"135.9","75","53","879","8","1","0","0"
"37",5,"Curtis Samuel",WAS,"135.1","97","77","851","3","41","200","2"
"38",5,"Tyler Boyd",CIN,"113.64","110","79","841","4","5","49","0"
"39",5,"DeVonta Smith",PHI,"0","0","0","0","0","0","0","0"
"40",6,"Mike Williams",LAC,"105.7","85","48","756","5","1","1","0"
"41",6,"Jarvis Landry",CLE,"115.96","101","72","840","3","4","10","1"
"42",6,"Michael Thomas",NO,"43.9","55","40","438","0","1","1","0"
"43",6,"Michael Gallup",DAL,"114.3","105","59","843","5","0","0","0"
"44",6,"Laviska Shenault Jr.",JAC,"99.1","79","58","600","5","18","91","0"
"45",6,"DeVante Parker",MIA,"103.3","103","63","793","4","0","0","0"
"46",6,"Marquise Brown",BAL,"125","100","58","769","8","1","1","0"
"47",6,"Corey Davis",NYJ,"126.4","92","65","984","5","0","0","0"
"48",6,"Antonio Brown",TB,"72.1","62","45","483","4","2","-2","0"
"49",6,"Michael Pittman Jr.",IND,"58.9","61","40","503","1","3","26","0"
"50",6,"Marvin Jones Jr.",JAC,"151.8","115","76","978","9","0","0","0"
"51",6,"Jaylen Waddle",MIA,"0","0","0","0","0","0","0","0"
"52",6,"T.Y. Hilton",IND,"108.2","93","56","762","5","0","0","0"
"53",6,"Mecole Hardman",KC,"87.1","62","41","560","4","4","31","0"
"54",6,"Darnell Mooney",CHI,"91.1","98","61","631","4","4","20","0"
"55",6,"Henry Ruggs III",LV,"58.1","43","26","452","2","9","49","0"
"56",7,"John Brown",LV,"63.8","52","33","458","3","0","0","0"
"57",7,"Jalen Reagor",PHI,"56.2","54","31","396","1","4","26","0"
"58",7,"Nelson Agholor",NE,"137.6","82","48","896","8","0","0","0"
"59",7,"Tre'Quan Smith",NO,"69.1","50","34","448","4","1","3","0"
"60",7,"Cole Beasley",BUF,"125.5","107","82","967","4","0","0","0"
"61",7,"Gabriel Davis",BUF,"101.9","62","35","599","7","1","0","0"
"62",7,"Rashod Bateman",BAL,"0","0","0","0","0","0","0","0"
"63",7,"Russell Gage",ATL,"109.06","109","72","786","4","2","9","0"
"64",7,"Christian Kirk",ARI,"98.4","79","48","621","6","2","3","0"
"65",7,"Jamison Crowder",NYJ,"113.02","89","59","699","6","1","14","0"
"66",7,"Sterling Shepard",NYG,"96.5","90","66","656","3","6","49","1"
"67",7,"Parris Campbell",IND,"8.7","9","6","71","0","2","16","0"
"68",7,"Breshad Perriman",DET,"69.1","60","30","505","3","1","6","0"
"69",7,"Allen Lazard",GB,"64.8","46","33","451","3","2","17","0"
"70",7,"Emmanuel Sanders",BUF,"103.8","82","61","726","5","1","12","0"
"71",7,"Darius Slayton",NYG,"91","96","50","751","3","2","-1","0"
"72",7,"Elijah Moore",NYJ,"0","0","0","0","0","0","0","0"
"73",7,"Rondale Moore",ARI,"0","0","0","0","0","0","0","0"
"74",7,"Jakobi Meyers",NE,"83.52","81","59","729","0","2","9","0"
"75",7,"Denzel Mims",NYJ,"37.7","44","23","357","0","0","0","0"
"76",8,"Marquez Valdes-Scantling",GB,"104.3","63","33","690","6","4","13","0"
"77",8,"Bryan Edwards",LV,"25.3","15","11","193","1","0","0","0"
"78",8,"A.J. Green",ARI,"64.3","104","47","523","2","0","0","0"
"79",8,"Sammy Watkins",BAL,"51.4","55","37","421","2","1","3","0"
"80",8,"Amon-Ra St. Brown",DET,"0","0","0","0","0","0","0","0"
"81",8,"Terrace Marshall Jr.",CAR,"0","0","0","0","0","0","0","0"
"82",8,"Josh Reynolds",TEN,"72.3","81","52","618","2","1","5","0"
"83",8,"DeSean Jackson",LAR,"30.8","26","14","236","1","1","12","0"
"84",8,"Tim Patrick",DEN,"110.2","79","51","742","6","0","0","0"
"85",8,"KJ Hamler",DEN,"60.1","56","30","381","3","9","40","0"
"86",8,"Randall Cobb",GB,"62.1","48","38","441","3","0","0","0"
"87",8,"Anthony Miller",HOU,"59.7","76","49","485","2","2","12","0"
"88",8,"Hunter Renfrow",LV,"75.6","77","56","656","2","0","0","0"
"89",8,"Van Jefferson",LAR,"27.9","31","19","220","1","1","-1","0"
"90",8,"Tyrell Williams",DET,"0","0","0","0","0","0","0","0"
"91",8,"James Washington",PIT,"69.2","56","30","392","5","0","0","0"
"92",8,"Kadarius Toney",NYG,"0","0","0","0","0","0","0","0"
"93",8,"Amari Rodgers",GB,"0","0","0","0","0","0","0","0"
"94",8,"Preston Williams",MIA,"56.8","35","18","288","4","0","0","0"
"95",8,"Rashard Higgins",CLE,"83.9","52","37","599","4","0","0","0"
"96",8,"Zach Pascal",IND,"92.9","71","44","629","5","0","0","0"
"97",8,"Kendrick Bourne",NE,"80.7","74","49","667","2","0","0","0"
"98",8,"Keke Coutee",HOU,"54","40","33","400","3","0","0","0"
"99",8,"Travis Fulgham",PHI,"77.9","67","38","539","4","0","0","0"
"100",8,"Nico Collins",HOU,"0","0","0","0","0","0","0","0"
"101",8,"N'Keal Harry",NE,"40.9","57","33","309","2","2","0","0"
"102",8,"Quintez Cephus",DET,"46.9","35","20","349","2","0","0","0"
"103",8,"Tyron Johnson",LAC,"59.5","26","20","398","3","3","17","0"
"104",9,"Keelan Cole Sr.",NYJ,"100.4","88","55","642","5","1","2","0"
"105",9,"Scotty Miller",TB,"69.5","53","33","501","3","3","14","0"
"106",9,"Donovan Peoples-Jones",CLE,"44.4","20","14","304","2","0","0","0"
"107",9,"Andy Isabella",ARI,"33.8","35","21","224","2","1","-6","0"
"108",9,"D'Wayne Eskridge",SEA,"0","0","0","0","0","0","0","0"
"109",9,"Greg Ward",PHI,"80.1","79","53","419","6","2","-4","0"
"110",9,"Miles Boykin",BAL,"50.6","33","19","266","4","0","0","0"
"111",9,"John Ross",NYG,"1.7","7","2","17","0","0","0","0"
"112",9,"Dyami Brown",WAS,"0","0","0","0","0","0","0","0"
"113",9,"Demarcus Robinson",KC,"62.6","59","45","466","3","0","0","0"
"114",9,"Marquez Callaway",NO,"21.3","27","21","213","0","0","0","0"
"115",9,"Byron Pringle",KC,"28","17","13","160","1","0","0","0"
"116",9,"Olamide Zaccheaus",ATL,"33.4","32","20","274","1","1","0","0"
"117",9,"Lynn Bowden Jr.",MIA,"25.58","37","28","211","0","9","32","0"
"118",10,"Jalen Guyton",LAC,"69.1","55","28","511","3","2","0","0"
"119",10,"Steven Sims Jr.",WAS,"30.3","37","27","265","1","1","18","0"
"120",10,"Josh Palmer",LAC,"0","0","0","0","0","0","0","0"
"121",10,"Cordarrelle Patterson",ATL,"48.4","25","21","132","0","64","232","1"
"122",10,"Tutu Atwell",LAR,"0","0","0","0","0","0","0","0"
"123",10,"Antonio Gandy-Golden",WAS,"2.5","7","1","3","0","1","22","0"
"124",10,"Dede Westbrook",MIN,"-1.6","1","1","4","0","0","0","0"
"125",10,"Tyler Johnson",TB,"28.9","17","12","169","2","0","0","0"
"126",10,"Golden Tate",FA,"51.52","52","35","388","2","0","0","0"
"127",10,"Deonte Harris",NO,"27.7","25","20","186","1","6","51","0"
"128",10,"Tylan Wallace",BAL,"0","0","0","0","0","0","0","0"
"129",10,"Devin Duvernay",BAL,"33.1","26","20","201","0","4","70","0"
"130",10,"Larry Fitzgerald",FA,"46.9","72","54","409","1","0","0","0"
"131",10,"Danny Amendola",FA,"60.4","69","46","602","0","1","2","0"
"132",10,"Jalen Hurd",SF,"0","0","0","0","0","0","0","0"
"133",10,"Adam Humphries",WAS,"34.8","35","23","228","2","1","0","0"
"134",10,"Collin Johnson",JAC,"41.2","31","18","272","2","0","0","0"
"135",10,"Dez Fitzpatrick",TEN,"0","0","0","0","0","0","0","0"
"136",10,"Alshon Jeffery",FA,"17.5","13","6","115","1","0","0","0"
"137",10,"Cornell Powell",KC,"0","0","0","0","0","0","0","0"
"138",10,"Auden Tate",CIN,"15","22","14","150","0","0","0","0"
"139",10,"David Moore",CAR,"83.8","47","35","417","6","8","61","0"
"140",10,"Chris Conley",HOU,"57.1","63","40","471","2","0","0","0"
"141",10,"Cam Sims",WAS,"54.2","48","32","477","1","1","5","0"
"142",10,"Anthony Schwartz",CLE,"0","0","0","0","0","0","0","0"
"143",10,"Dazz Newsome",CHI,"0","0","0","0","0","0","0","0"
"144",10,"Ihmir Smith-Marsette",MIN,"0","0","0","0","0","0","0","0"
"145",10,"Olabisi Johnson",MIN,"20.9","19","14","189","0","0","0","0"
"146",10,"Willie Snead IV",LV,"61.2","48","33","432","3","0","0","0"
"147",11,"Kenny Stills",BUF,"20.4","19","11","144","1","0","0","0"
"148",11,"Equanimeous St. Brown",GB,"18.4","13","7","117","1","1","7","0"
"149",11,"Devin Funchess",GB,"0","0","0","0","0","0","0","0"
"150",11,"Richie James Jr.",SF,"41.4","35","23","394","1","0","0","0"
"151",11,"Isaiah McKenzie",BUF,"69.58","34","30","282","5","10","9","0"
"152",11,"Damiere Byrd",CHI,"67.9","77","47","604","1","2","15","0"
"153",11,"Simi Fehoko",DAL,"0","0","0","0","0","0","0","0"
"154",11,"Lil'Jordan Humphrey",NO,"10.6","5","3","46","1","0","0","0"
"155",11,"Jaelon Darden",TB,"0","0","0","0","0","0","0","0"
"156",11,"Cedrick Wilson",DAL,"34.62","28","17","189","2","3","-12","0"
"157",11,"Shi Smith",CAR,"0","0","0","0","0","0","0","0"
"158",11,"Mohamed Sanu",SF,"27","24","17","187","1","1","3","0"
"159",11,"Kelvin Harmon",WAS,"0","0","0","0","0","0","0","0"
"160",11,"Frank Darby",ATL,"0","0","0","0","0","0","0","0"
"161",11,"J.J. Arcega-Whiteside",PHI,"10.5","8","4","85","0","0","0","0"
"162",11,"Freddie Swain",SEA,"27.9","21","13","159","2","0","0","0"
"163",11,"Braxton Berrios",NYJ,"60.3","55","37","394","3","3","29","0"
"164",11,"Seth Williams",DEN,"0","0","0","0","0","0","0","0"
"165",11,"Demetric Felton",CLE,"0","0","0","0","0","0","0","0"
"166",11,"Quez Watkins",PHI,"16.6","13","7","106","1","0","0","0"
"167",11,"Marquez Stevenson",BUF,"0","0","0","0","0","0","0","0"
"168",11,"Sage Surratt",DET,"0","0","0","0","0","0","0","0"
"169",11,"Jakeem Grant Sr.",MIA,"51.3","54","36","373","1","3","20","0"
"170",11,"Chad Beebe",MIN,"30.1","30","20","201","2","0","0","0"
"171",11,"Marquise Goodwin",CHI,"0","0","0","0","0","0","0","0"
"172",11,"Zay Jones",LV,"22.56","20","14","154","1","0","0","0"
"173",11,"Javon Wims",CHI,"11","12","6","48","1","1","2","0"
"174",11,"Antonio Callaway",KC,"2","4","2","20","0","0","0","0"
"175",11,"Tajae Sharpe",ATL,"0","3","0","0","0","0","0","0"
"176",11,"John Hightower",PHI,"18.8","29","10","167","0","1","1","0"
"177",11,"Kalif Raymond",DET,"18.4","15","9","187","0","1","-3","0"
"178",11,"Ray-Ray McCloud",PIT,"12.2","22","20","77","0","4","65","0"
"179",11,"KeeSean Johnson",ARI,"17.3","23","15","173","0","0","0","0"
"180",11,"Isaiah Coulter",HOU,"0","0","0","0","0","0","0","0"
"181",11,"Juwan Johnson",NO,"3.9","10","4","39","0","0","0","0"
"182",11,"Geronimo Allison",DET,"0","0","0","0","0","0","0","0"
"183",11,"Christian Blake",ATL,"14.1","18","13","141","0","0","0","0"
"184",11,"Gunner Olszewski",NE,"20.5","5","5","62","1","5","23","0"
"185",12,"Albert Wilson",MIA,"0","0","0","0","0","0","0","0"
"186",12,"Cade Johnson",SEA,"0","0","0","0","0","0","0","0"
"187",12,"Phillip Dorsett II",JAC,"0","0","0","0","0","0","0","0"
"188",12,"Nick Westbrook-Ikhine",TEN,"5.3","8","3","33","0","0","0","0"
"189",12,"Chad Hansen",DET,"29.6","24","17","236","1","0","0","0"
"190",12,"Cameron Batson",TEN,"18","13","12","100","1","4","20","0"
"191",12,"Mike Thomas",CIN,"17.3","21","13","132","1","1","1","0"
"192",12,"Andre Roberts",HOU,"-0.9","5","4","34","0","1","-3","0"
"193",12,"Riley Ridley",CHI,"3.9","4","4","39","0","0","0","0"
"194",12,"Noah Brown",DAL,"15.8","24","14","154","0","1","4","0"
"195",12,"Jamal Agnew",JAC,"10.9","20","13","89","0","6","33","0"
"196",12,"Trishton Jackson",LAR,"0","0","0","0","0","0","0","0"
"197",12,"K.J. Hill Jr.",LAC,"5.3","11","7","73","0","0","0","0"
"198",12,"Penny Hart",SEA,"2.2","1","1","3","0","1","19","0"
"199",12,"KhaDarel Hodge",CLE,"18","17","11","180","0","0","0","0"
"200",12,"Dante Pettis",NYG,"11.6","6","4","76","1","0","0","0"
"201",12,"Justin Watson",TB,"9.4","11","7","94","0","0","0","0"
"202",12,"Alex Erickson",HOU,"10.6","17","12","139","0","5","7","0"
"203",12,"Trent Taylor",CIN,"8.6","21","10","86","0","0","0","0"
"204",12,"Mike Strachan",IND,"0","0","0","0","0","0","0","0"
"205",12,"Marvin Hall",NE,"42.3","32","18","302","2","1","1","0"
"206",12,"Chester Rogers",TEN,"0","0","0","0","0","0","0","0"
"207",12,"John Ursua",SEA,"0","0","0","0","0","0","0","0"
"208",12,"Devin Smith",NE,"0","0","0","0","0","0","0","0"
"209",12,"Joe Reed",LAC,"8.9","1","0","0","0","5","29","1"
"210",12,"Trey Quinn",LV,"0","0","0","0","0","0","0","0"
"211",12,"Isaiah Zuber",NE,"5","2","2","29","0","2","21","0"
"212",12,"Laquon Treadwell",JAC,"16.9","7","6","49","2","0","0","0"
"213",12,"River Cracraft",SF,"4.1","9","6","41","0","0","0","0"
"214",12,"Racey McMath",TEN,"0","0","0","0","0","0","0","0"
"215",12,"Kawaan Baker",NO,"0","0","0","0","0","0","0","0"
"216",12,"Mack Hollins",MIA,"21.6","25","16","176","1","0","0","0"
"217",12,"DeMichael Harris",IND,"12.5","10","10","79","0","6","46","0"
"218",12,"Dez Bryant",FA,"16.7","11","6","47","2","0","0","0"
"219",12,"Diontae Spencer",DEN,"10.5","6","3","26","0","3","19","0"
"220",12,"K.J. Osborn",MIN,"0","0","0","0","0","0","0","0"
"221",12,"Chris Finke",KC,"0","0","0","0","0","0","0","0"
"222",12,"Ashton Dulin",IND,"6.4","6","3","53","0","2","11","0"
"223",12,"Jaydon Mickens",TB,"5.8","10","7","58","0","0","0","0"
"224",12,"Blake Proehl",MIN,"0","0","0","0","0","0","0","0"
"225",12,"Marcus Kemp",KC,"1.1","1","1","11","0","0","0","0"
"226",12,"Ben Skowronek",LAR,"0","0","0","0","0","0","0","0"
"227",12,"Austin Watkins Jr.",SF,"0","0","0","0","0","0","0","0"
"228",13,"Tyrie Cleveland",DEN,"6.3","9","6","63","0","0","0","0"
"229",13,"Chad Williams",KC,"0","0","0","0","0","0","0","0"
"230",13,"Juwann Winfree",GB,"0","0","0","0","0","0","0","0"
"231",13,"Stanley Morgan Jr.",CIN,"0","0","0","0","0","0","0","0"
"232",13,"Chris Rowland",ATL,"0","0","0","0","0","0","0","0"
"233",13,"Jake Kumerow",BUF,"8.2","1","1","22","1","0","0","0"
"234",13,"Marcus Johnson",TEN,"25.5","28","14","255","0","0","0","0"
"235",13,"Brandon Powell",BUF,"17.6","18","12","69","2","2","7","0"
"236",13,"Brandon Zylstra",CAR,"3.6","4","3","35","0","1","1","0"
"237",13,"T.J. Vasher",DAL,"0","0","0","0","0","0","0","0"
"238",13,"Trent Sherfield",SF,"5","7","5","50","0","0","0","0"
"239",13,"Whop Philyor",MIN,"0","0","0","0","0","0","0","0"
"240",14,"C.J. Board",NYG,"10.4","16","11","101","0","1","3","0"
"241",14,"Isaiah Wright",WAS,"19.3","35","27","197","0","3","16","0"
"242",14,"Vyncint Smith",NYJ,"1.3","3","1","13","0","0","0","0"
"243",14,"Rico Bussey",PIT,"0","0","0","0","0","0","0","0"